,y1
0,"tensor([ 8.3865,  8.3865,  8.3865,  8.4204,  8.4204,  8.4204,  8.4204,  8.4204,
         8.4204,  8.4204,  8.4204,  8.4204,  8.4204,  8.4204,  8.4204,  8.4204,
         8.5354,  8.5354,  8.5354,  8.5354,  8.5354,  8.5354,  8.5354,  8.5354,
        10.6626, 10.6626, 10.6626, 10.6626, 10.6626, 10.6626, 10.6626, 10.6626,
        10.6626, 10.6626, 10.6626, 10.6626, 10.6626, 10.6626, 10.6626, 10.6626,
        10.6626, 10.6626, 10.6626, 10.6626, 10.6626, 10.6626, 10.6626, 10.6626,
        10.6626, 10.6626, 10.6626, 10.6626, 10.6626, 10.6626, 10.6626, 10.6626,
        10.6626, 10.6626, 10.6626, 10.6626, 10.6626, 10.6626, 10.6626, 10.6626,
        10.6626, 10.6626, 10.6626, 10.6626, 10.6626, 10.6626, 10.6626, 10.6626,
        10.6626, 10.6626, 10.6626, 10.6626, 10.6626, 10.6626, 10.6626, 10.6626,
        10.6626, 10.6626, 10.6626, 10.6626, 10.6626, 10.6626, 10.6626, 10.6626,
        10.6626, 10.6626, 10.6626], dtype=torch.float64)"
1,"tensor([ 7.7235,  8.1341,  8.1341,  8.1341,  8.1341,  8.1341, 10.1526, 10.1526,
        10.1526, 10.1526, 10.1526, 10.1526, 10.1526, 10.1526, 10.1526, 10.1526,
        10.1526, 10.1526, 10.1526, 10.1526, 10.1526, 10.1526, 10.1526, 10.1526,
        10.1526, 10.1526, 10.1526, 10.1526, 10.1526, 10.1526, 10.1526, 10.1526,
        10.1526, 10.1526, 10.1526, 10.1526, 10.1526, 10.1526, 10.1526, 10.1526,
        10.1526, 10.1526, 10.1526, 10.1526, 10.1526, 10.1526, 10.1526, 10.1526,
        10.1526, 10.1526, 10.1526, 10.1526, 10.1526, 10.1526, 10.1526, 10.1526,
        10.1526, 10.1526, 10.1526, 10.1526, 10.1526, 10.1526, 10.1526, 10.3459,
        10.3459, 10.3459, 10.3459, 10.3459, 10.3459, 10.3459, 10.3459, 10.3459,
        10.3459, 10.3459, 10.3459, 10.3459, 10.3459, 10.3459, 10.3459, 10.3459,
        10.3459, 10.3459, 10.3459, 10.3459, 10.3459, 10.3459, 10.3459, 10.3459,
        10.3459, 10.3459, 10.3459], dtype=torch.float64)"
2,"tensor([7.4207, 7.4207, 7.4207, 7.4207, 7.4207, 7.4207, 7.4207, 7.4207, 7.4207,
        7.4207, 8.0738, 8.0738, 8.0738, 8.0738, 8.0738, 8.0738, 8.0738, 8.0738,
        8.0738, 8.0738, 8.9691, 8.9691, 8.9691, 8.9691, 8.9691, 8.9691, 8.9691,
        8.9691, 8.9691, 8.9691, 8.9691, 8.9691, 8.9691, 8.9691, 8.9691, 8.9691,
        8.9691, 8.9691, 8.9691, 8.9691, 8.9691, 8.9691, 8.9691, 8.9691, 8.9691,
        8.9691, 8.9691, 8.9691, 8.9691, 8.9691, 8.9691, 8.9691, 8.9691, 8.9691,
        8.9691, 8.9691, 8.9691, 8.9691, 8.9691, 8.9691, 8.9691, 8.9691, 8.9691,
        8.9691, 8.9691, 8.9691, 8.9691, 8.9691, 8.9691, 8.9691, 8.9691, 8.9691,
        9.9046, 9.9046, 9.9046, 9.9046, 9.9046, 9.9046, 9.9046, 9.9046, 9.9046,
        9.9046, 9.9046, 9.9046, 9.9046, 9.9046, 9.9046, 9.9046, 9.9046, 9.9046,
        9.9046], dtype=torch.float64)"
3,"tensor([10.2173, 10.2173, 10.2173, 10.2173, 10.2173, 10.2173, 10.2173, 10.2173,
        10.2173, 10.2173, 10.2173, 10.2173, 10.2173, 10.2173, 10.2173, 10.2173,
        10.2173, 10.2173, 10.2173, 10.2173, 10.2173, 10.2173, 10.2173, 10.2173,
        10.2173, 10.2173, 10.2173, 10.2173, 10.2173, 10.2173, 10.2173, 10.2173,
        10.2173, 10.2173, 10.2173, 10.2173, 10.2173, 10.2173, 10.2173, 10.2173,
        10.2173, 10.2173, 10.2173, 10.2173, 10.2173, 10.2173, 10.2173, 10.2173,
        10.2173, 10.2173, 10.2173, 10.2173, 10.2173, 10.2173, 10.2173, 10.2173,
        10.2173, 10.2173, 10.2173, 10.2173, 10.2173, 10.2173, 10.2173, 10.2173,
        10.2173, 10.2173, 10.2173, 10.2173, 10.2173, 10.2173, 10.2173, 10.2173,
        10.2173, 10.2173, 10.2173, 10.2173, 10.2173, 10.2173, 10.2173, 10.2173,
        10.2173, 10.2173, 10.2173, 10.2173, 10.2173, 10.2173, 10.2173, 10.2173,
        10.2173, 10.2173, 10.2173], dtype=torch.float64)"
4,"tensor([6.7158, 6.7158, 6.7158, 7.2228, 9.7754, 9.7754, 9.7754, 9.7754, 9.7754,
        9.7754, 9.7754, 9.7754, 9.7754, 9.7754, 9.7754, 9.7754, 9.7754, 9.7754,
        9.7754, 9.7754, 9.7754, 9.7754, 9.7754, 9.7754, 9.7754, 9.7754, 9.7754,
        9.7754, 9.7754, 9.7754, 9.7754, 9.7754, 9.7754, 9.7754, 9.7754, 9.7754,
        9.7754, 9.7754, 9.7754, 9.7754, 9.7754, 9.7754, 9.7754, 9.7754, 9.7754,
        9.7754, 9.7754, 9.7754, 9.7754, 9.7754, 9.7754, 9.7754, 9.7754, 9.7754,
        9.7754, 9.7754, 9.7754, 9.7754, 9.7754, 9.7754, 9.7754, 9.7754, 9.7754,
        9.7754, 9.7754, 9.7754, 9.7754, 9.7754, 9.7754, 9.7754, 9.7754, 9.7754,
        9.7754, 9.7754, 9.7754, 9.7754, 9.7754, 9.7754, 9.7754, 9.7754, 9.7754,
        9.7754, 9.7754, 9.7754, 9.7754, 9.7754, 9.7754, 9.7754, 9.7754, 9.7754,
        9.7754], dtype=torch.float64)"
5,"tensor([8.6004, 8.6004, 8.6004, 8.6004, 8.6004, 8.6004, 8.6004, 8.6004, 8.6004,
        8.6004, 8.6004, 8.6004, 8.6004, 8.6004, 8.6004, 8.6004, 8.6004, 8.6004,
        8.7524, 8.7524, 8.7524, 8.7524, 8.7524, 8.7524, 8.7524, 8.7524, 8.7524,
        8.7524, 9.9517, 9.9517, 9.9517, 9.9517, 9.9517, 9.9517, 9.9517, 9.9517,
        9.9517, 9.9517, 9.9517, 9.9517, 9.9517, 9.9517, 9.9517, 9.9517, 9.9517,
        9.9517, 9.9517, 9.9517, 9.9517, 9.9517, 9.9517, 9.9517, 9.9517, 9.9517,
        9.9517, 9.9517, 9.9517, 9.9517, 9.9517, 9.9517, 9.9517, 9.9517, 9.9517,
        9.9517, 9.9517, 9.9517, 9.9517, 9.9517, 9.9517, 9.9517, 9.9517, 9.9517,
        9.9517, 9.9517, 9.9517, 9.9517, 9.9517, 9.9517, 9.9517, 9.9517, 9.9517,
        9.9517, 9.9517, 9.9517, 9.9517, 9.9517, 9.9517, 9.9517, 9.9517, 9.9517,
        9.9517], dtype=torch.float64)"
6,"tensor([7.4581, 9.0873, 9.0873, 9.0873, 9.0873, 9.0873, 9.0873, 9.0873, 9.0873,
        9.0873, 9.0873, 9.0873, 9.0873, 9.0873, 9.0873, 9.0873, 9.0873, 9.0873,
        9.0873, 9.0873, 9.0873, 9.0873, 9.0873, 9.0873, 9.0873, 9.0873, 9.0873,
        9.0873, 9.0873, 9.0873, 9.0873, 9.0873, 9.0873, 9.4293, 9.9627, 9.9627,
        9.9627, 9.9627, 9.9627, 9.9627, 9.9627, 9.9627, 9.9627, 9.9627, 9.9627,
        9.9627, 9.9627, 9.9627, 9.9627, 9.9627, 9.9627, 9.9627, 9.9627, 9.9627,
        9.9627, 9.9627, 9.9627, 9.9627, 9.9627, 9.9627, 9.9627, 9.9627, 9.9627,
        9.9627, 9.9627, 9.9627, 9.9627, 9.9627, 9.9627, 9.9627, 9.9627, 9.9627,
        9.9627, 9.9627, 9.9627, 9.9627, 9.9627, 9.9627, 9.9627, 9.9627, 9.9627,
        9.9627, 9.9627, 9.9627, 9.9627, 9.9627, 9.9627, 9.9627, 9.9627, 9.9627,
        9.9627], dtype=torch.float64)"
7,"tensor([7.1636, 7.1636, 7.1636, 8.5330, 8.5330, 8.5330, 8.5330, 8.5330, 8.5330,
        8.5330, 8.5330, 8.5330, 8.5330, 8.5330, 8.5330, 8.5330, 8.5330, 8.5330,
        8.5330, 8.5330, 8.5330, 9.5781, 9.5781, 9.5781, 9.5781, 9.5781, 9.5781,
        9.5781, 9.5781, 9.5781, 9.5781, 9.5781, 9.5781, 9.5781, 9.5781, 9.5781,
        9.5781, 9.5781, 9.5781, 9.5781, 9.5781, 9.5781, 9.5781, 9.5781, 9.5781,
        9.5781, 9.5781, 9.5781, 9.5781, 9.5781, 9.5781, 9.5781, 9.5781, 9.5781,
        9.5781, 9.5781, 9.5781, 9.5781, 9.5781, 9.5781, 9.5781, 9.5781, 9.5781,
        9.5781, 9.5781, 9.5781, 9.5781, 9.5781, 9.5781, 9.5781, 9.5781, 9.5781,
        9.5781, 9.5781, 9.5781, 9.5781, 9.5781, 9.5781, 9.5781, 9.5781, 9.5781,
        9.5781, 9.5781, 9.5781, 9.5781, 9.5781, 9.5781, 9.5781, 9.5781, 9.5781,
        9.5781], dtype=torch.float64)"
8,"tensor([6.5897, 6.5897, 6.5897, 6.5897, 6.5897, 6.5897, 7.7983, 7.7983, 7.7983,
        7.7983, 7.7983, 8.2418, 8.2418, 8.2418, 8.2418, 8.2418, 8.2418, 8.2418,
        8.2418, 8.2418, 8.2418, 8.2418, 8.2418, 8.2418, 8.2418, 8.2418, 8.2418,
        8.2418, 9.0552, 9.0552, 9.0552, 9.0552, 9.0552, 9.0552, 9.0552, 9.0552,
        9.0552, 9.0552, 9.0552, 9.0552, 9.0552, 9.0552, 9.0552, 9.0552, 9.0552,
        9.0552, 9.0552, 9.0552, 9.0552, 9.0552, 9.0552, 9.0552, 9.0552, 9.0552,
        9.0552, 9.0552, 9.0552, 9.0552, 9.0552, 9.0552, 9.0552, 9.0552, 9.0552,
        9.0552, 9.0552, 9.0552, 9.0552, 9.4847, 9.4847, 9.5518, 9.5518, 9.5518,
        9.5518, 9.5518, 9.5518, 9.5518, 9.5518, 9.5518, 9.5518, 9.5518, 9.5518,
        9.5518, 9.5518, 9.5518, 9.5518, 9.5518, 9.5518, 9.5518, 9.5518, 9.5518,
        9.5518], dtype=torch.float64)"
9,"tensor([10.5777, 10.5777, 10.5777, 10.5777, 10.5777, 10.5777, 10.5777, 10.5777,
        10.5777, 10.5777, 10.5777, 10.5777, 10.5777, 10.5777, 10.5777, 10.5777,
        10.5777, 10.5777, 10.5777, 10.5777, 10.5777, 10.5777, 10.5777, 10.5777,
        10.5777, 10.5777, 10.5777, 10.5777, 10.5777, 10.5777, 10.5777, 10.5777,
        10.5777, 10.5777, 10.5777, 10.5777, 10.5777, 10.5777, 10.5777, 10.5777,
        10.5777, 10.5777, 10.5777, 10.5777, 10.5777, 10.5777, 10.5777, 10.5777,
        10.5777, 10.5777, 10.5777, 10.5777, 10.5777, 10.5777, 10.5777, 10.5777,
        10.5777, 10.5777, 10.5777, 10.5777, 10.5777, 10.5777, 10.5777, 10.5777,
        10.5777, 10.5777, 10.5777, 10.5777, 10.5777, 10.5777, 10.5777, 10.5777,
        10.5777, 10.5777, 10.5777, 10.5777, 10.5777, 10.5777, 10.5777, 10.5777,
        10.5777, 10.5777, 10.5777, 10.5777, 10.5777, 10.5777, 10.5777, 10.5777,
        10.5777, 10.5777, 10.5777], dtype=torch.float64)"
10,"tensor([ 7.6521,  7.6521,  7.6521,  7.6521,  7.6521,  7.8271,  8.7761,  8.7761,
         8.7761,  8.7761,  8.7761,  8.7761,  8.7761,  8.7761,  8.7761,  8.7761,
         8.7761,  8.7761,  8.7761,  8.7761,  8.7761,  8.7761,  8.7761,  8.7761,
         8.7761,  8.7761,  8.7761,  8.7761,  8.7761,  8.7761,  8.7761,  8.7761,
         8.7761,  8.7761,  8.7761,  8.7761,  8.7761,  8.7761,  8.7761,  8.7761,
         8.7761,  8.7761,  8.7761,  8.7761,  8.7761,  8.7761,  8.7761,  8.7761,
         8.7761,  8.7761,  8.7761,  8.7761,  8.7761,  8.7761,  8.7761,  8.7761,
         8.7761,  8.7761,  8.7761,  8.7761,  8.7761,  8.7761,  8.7761,  8.7761,
         8.7761,  8.7761,  8.8289,  8.8289,  8.8289,  8.8289,  8.8289,  8.8289,
         8.8289,  8.8289,  9.6129, 10.0631, 10.0631, 10.0631, 10.0631, 10.0631,
        10.0631, 10.0631, 10.0631, 10.0631, 10.9800, 10.9800, 10.9800, 10.9800,
        10.9800, 10.9800, 10.9800], dtype=torch.float64)"
11,"tensor([ 9.3888,  9.3888,  9.3888,  9.3888,  9.3888,  9.3888,  9.3888,  9.3888,
         9.3888,  9.3888,  9.3888,  9.3888,  9.3888,  9.3888,  9.3888,  9.3888,
         9.3888,  9.3888,  9.3888,  9.3888,  9.3888,  9.3888,  9.3888,  9.3888,
         9.3888,  9.3888,  9.3888,  9.3888,  9.3888,  9.3888,  9.3888, 10.3459,
        10.3459, 10.3459, 10.3459, 10.3459, 10.3459, 10.3459, 10.3459, 10.3459,
        10.3459, 10.3459, 10.3459, 10.3459, 10.3459, 10.3459, 10.3459, 10.3459,
        10.3459, 10.3459, 10.3459, 10.3459, 10.3459, 10.3459, 10.3459, 10.3459,
        10.3459, 10.3459, 10.3459, 10.3459, 10.3459, 10.3459, 10.3459, 10.6219,
        10.6219, 10.6219, 10.6219, 10.6219, 10.6219, 10.6219, 10.6219, 10.6219,
        10.6219, 10.6219, 10.6219, 10.6219, 10.6219, 10.6219, 10.6219, 10.6219,
        10.6219, 10.6219, 10.6219, 10.6219, 10.6219, 10.6219, 10.6219, 10.6219,
        10.6219, 10.6219, 10.6219], dtype=torch.float64)"
12,"tensor([ 7.6374,  7.6374,  7.6374,  7.6374,  9.0335,  9.0335,  9.2479,  9.2479,
         9.2479,  9.2479,  9.2479,  9.2479,  9.4307,  9.4307,  9.4307,  9.4307,
         9.4307,  9.4307,  9.4307,  9.4307,  9.4307,  9.4307,  9.4307,  9.7250,
         9.7250,  9.7250,  9.7857, 10.7065, 10.7065, 10.7065, 10.7065, 10.7065,
        10.7065, 10.7065, 10.7065, 10.7065, 10.7065, 10.7065, 10.7065, 10.7065,
        10.7065, 10.7065, 10.7065, 10.7065, 10.7065, 10.7065, 10.7065, 10.7065,
        10.7065, 10.7065, 10.7065, 10.7065, 10.7065, 10.7065, 10.7065, 10.7065,
        10.7065, 10.7065, 10.7065, 10.7065, 10.7065, 10.7065, 10.7065, 10.7065,
        10.7065, 10.7065, 10.7065, 10.7065, 10.7065, 10.7065, 10.7065, 10.7065,
        10.7065, 10.7065, 10.7065, 10.7065, 10.7065, 10.7065, 10.7065, 10.7065,
        10.7065, 10.7065, 10.7065, 10.7065, 10.7065, 10.7065, 10.7065, 10.7065,
        10.7065, 10.7065, 10.7065], dtype=torch.float64)"
13,"tensor([ 7.9569, 11.0248, 11.0248, 11.0248, 11.0248, 11.0248, 11.0248, 11.0248,
        11.0248, 11.0248, 11.0248, 11.0248, 11.0248, 11.0248, 11.0248, 11.0248,
        11.0248, 11.0248, 11.0248, 11.0248, 11.0248, 11.0248, 11.0248, 11.0248,
        11.0248, 11.0248, 11.0248, 11.0248, 11.0248, 11.0248, 11.0248, 11.0248,
        11.0248, 11.0248, 11.0248, 11.0248, 11.0248, 11.0248, 11.0248, 11.0248,
        11.0248, 11.0248, 11.0248, 11.0248, 11.0248, 11.0248, 11.0248, 11.0248,
        11.0248, 11.0248, 11.0248, 11.0248, 11.0248, 11.0248, 11.0248, 11.0248,
        11.0248, 11.0248, 11.0248, 11.0248, 11.0248, 11.0248, 11.0248, 11.0248,
        11.0248, 11.0248, 11.0248, 11.0248, 11.0248, 11.0248, 11.0248, 11.0248,
        11.0248, 11.0248, 11.0248, 11.0248, 11.0248, 11.0248, 11.0248, 11.0248,
        11.0248, 11.0248, 11.0248, 11.0248, 11.0248, 11.0248, 11.0248, 11.0248,
        11.0248, 11.0248, 11.0248], dtype=torch.float64)"
14,"tensor([5.1114, 5.1114, 5.1114, 5.1114, 5.1114, 9.0365, 9.0365, 9.0365, 9.1117,
        9.1117, 9.1117, 9.1117, 9.1117, 9.1117, 9.1117, 9.1117, 9.1117, 9.1117,
        9.1117, 9.1117, 9.1117, 9.1117, 9.1117, 9.1117, 9.1117, 9.1117, 9.1117,
        9.1117, 9.1117, 9.1117, 9.1117, 9.1117, 9.1117, 9.1117, 9.1117, 9.1117,
        9.1117, 9.1117, 9.1117, 9.1117, 9.1117, 9.1117, 9.1117, 9.1117, 9.1117,
        9.1117, 9.1117, 9.1117, 9.1117, 9.1117, 9.1117, 9.1117, 9.1117, 9.1117,
        9.1117, 9.1117, 9.1117, 9.1117, 9.1117, 9.1117, 9.1117, 9.1117, 9.1117,
        9.1117, 9.1117, 9.1117, 9.1117, 9.1117, 9.1117, 9.1117, 9.1117, 9.1117,
        9.1117, 9.1117, 9.1117, 9.1117, 9.1117, 9.1117, 9.1117, 9.1117, 9.1117,
        9.1117, 9.1117, 9.1117, 9.1117, 9.1117, 9.1117, 9.1117, 9.1117, 9.1117,
        9.1117], dtype=torch.float64)"
15,"tensor([8.2297, 8.2297, 8.2297, 8.2297, 8.2297, 8.2297, 8.2297, 8.2297, 8.2297,
        8.2297, 8.2297, 8.4154, 9.6052, 9.6052, 9.6052, 9.6052, 9.6052, 9.6052,
        9.6052, 9.6052, 9.6052, 9.6052, 9.6052, 9.6052, 9.6052, 9.6052, 9.6052,
        9.6052, 9.6052, 9.6052, 9.6052, 9.6052, 9.6052, 9.6052, 9.6052, 9.6052,
        9.6052, 9.6052, 9.6052, 9.6052, 9.6052, 9.6052, 9.6052, 9.6052, 9.6052,
        9.6957, 9.6957, 9.6957, 9.6957, 9.6957, 9.6957, 9.6957, 9.6957, 9.6957,
        9.6957, 9.6957, 9.6957, 9.6957, 9.6957, 9.6957, 9.6957, 9.6957, 9.6957,
        9.6957, 9.6957, 9.6957, 9.6957, 9.6957, 9.6957, 9.6957, 9.6957, 9.6957,
        9.6957, 9.6957, 9.6957, 9.6957, 9.6957, 9.6957, 9.6957, 9.6957, 9.6957,
        9.6957, 9.6957, 9.6957, 9.6957, 9.6957, 9.6957, 9.6957, 9.6957, 9.6957,
        9.6957], dtype=torch.float64)"
16,"tensor([10.3112, 10.3112, 10.3112, 10.3112, 10.3112, 10.3112, 10.3112, 10.3112,
        10.3112, 10.3112, 10.3112, 10.3112, 10.3112, 10.3112, 10.3112, 10.3112,
        10.3112, 10.3112, 10.3112, 10.3112, 10.3112, 10.3112, 10.3112, 10.3112,
        10.3112, 10.3112, 10.3112, 10.3112, 10.3112, 10.3112, 10.3112, 10.3112,
        10.3112, 10.3112, 10.3112, 10.3112, 10.3112, 10.3112, 10.3112, 10.3112,
        10.3112, 10.3112, 10.3112, 10.3112, 10.3112, 10.3112, 10.3112, 10.3112,
        10.3112, 10.3112, 10.3112, 10.3112, 10.3112, 10.3112, 10.3112, 10.3112,
        10.3112, 10.3112, 10.3112, 10.3112, 10.3112, 10.3112, 10.3112, 10.3112,
        10.3112, 10.3112, 10.3112, 10.3112, 10.3112, 10.3112, 10.3112, 10.3112,
        10.3112, 10.3112, 10.3112, 10.3112, 10.3112, 10.3112, 10.3112, 10.3112,
        10.3112, 10.3112, 10.3112, 10.3112, 10.3112, 10.3112, 10.3112, 10.3112,
        10.3112, 10.3112, 10.3112], dtype=torch.float64)"
17,"tensor([6.1750, 6.1750, 6.1750, 6.1750, 9.7629, 9.7629, 9.7629, 9.7629, 9.7629,
        9.7629, 9.7629, 9.7629, 9.7629, 9.7629, 9.7629, 9.7629, 9.7629, 9.7629,
        9.7629, 9.7629, 9.7629, 9.7629, 9.7629, 9.7629, 9.7629, 9.7629, 9.7629,
        9.7629, 9.7629, 9.7629, 9.7629, 9.7629, 9.7629, 9.7629, 9.7629, 9.7629,
        9.7629, 9.7629, 9.7629, 9.7629, 9.7629, 9.7629, 9.7629, 9.7629, 9.7629,
        9.7629, 9.7629, 9.7629, 9.7629, 9.7629, 9.7629, 9.7629, 9.7629, 9.7629,
        9.7629, 9.7629, 9.7629, 9.7629, 9.7629, 9.7629, 9.7629, 9.7629, 9.7629,
        9.7629, 9.7629, 9.7629, 9.7629, 9.7629, 9.7629, 9.7629, 9.7629, 9.7629,
        9.7629, 9.7629, 9.7629, 9.7629, 9.7629, 9.7629, 9.7629, 9.7629, 9.7629,
        9.7629, 9.7629, 9.7629, 9.7629, 9.7629, 9.7629, 9.7629, 9.7629, 9.7629,
        9.7629], dtype=torch.float64)"
18,"tensor([ 2.9753,  2.9753,  2.9753,  2.9753,  5.8137,  5.8137,  5.8137,  5.8137,
         5.8137,  5.8137,  5.8137,  5.8137,  5.8627,  5.8627,  5.8627, 10.5169,
        10.5169, 10.5169, 10.5169, 10.5169, 10.5169, 10.5169, 10.5169, 10.5169,
        10.5169, 10.5169, 10.5169, 10.5169, 10.5169, 10.5169, 10.5169, 10.5169,
        10.5169, 10.5169, 10.5169, 10.5169, 10.5169, 10.5169, 10.5169, 10.5169,
        10.5169, 10.5169, 10.5169, 10.5169, 10.5169, 10.5169, 10.5169, 10.5169,
        10.5169, 10.5169, 10.5169, 10.9729, 10.9729, 10.9729, 10.9729, 10.9729,
        10.9729, 10.9729, 10.9729, 10.9729, 10.9729, 10.9729, 10.9729, 10.9729,
        10.9729, 10.9729, 10.9729, 10.9729, 10.9729, 10.9729, 10.9729, 10.9729,
        10.9729, 10.9729, 10.9729, 10.9729, 10.9729, 10.9729, 10.9729, 10.9729,
        10.9729, 10.9729, 10.9729, 10.9729, 10.9729, 10.9729, 10.9729, 10.9729,
        10.9729, 10.9729, 10.9729], dtype=torch.float64)"
19,"tensor([ 6.9988,  6.9988,  6.9988,  6.9988,  6.9988,  6.9988,  6.9988,  6.9988,
         6.9988,  6.9988,  7.6206,  7.6206,  7.6206,  7.6206, 10.5514, 10.5514,
        10.5514, 10.5514, 10.5514, 10.5514, 10.5514, 10.5514, 10.5514, 10.5514,
        10.5514, 10.5514, 10.5514, 10.5514, 10.5514, 10.5514, 10.5514, 10.5514,
        10.5514, 10.5514, 10.5514, 10.5514, 10.5514, 10.5514, 10.5514, 10.5514,
        10.5514, 10.5514, 10.5514, 10.5514, 10.5514, 10.5514, 10.5514, 10.5514,
        10.5514, 10.5514, 10.5514, 10.5514, 10.5514, 10.5514, 10.5514, 10.5514,
        10.5514, 10.5514, 10.5514, 10.5514, 10.5514, 10.5514, 10.5514, 10.5514,
        10.5514, 10.5514, 10.5514, 10.5514, 10.5514, 10.5514, 10.5514, 10.5514,
        10.5514, 10.5514, 10.5514, 10.5514, 10.5514, 10.5514, 10.5514, 10.5514,
        10.5514, 10.5514, 10.5514, 10.5514, 10.5514, 10.5514, 10.5514, 10.5514,
        10.5514, 10.5514, 10.5514], dtype=torch.float64)"
