3.109266663853883657e-18,1.083268904827528923e+24,1.817464501930192523e+31,2.669300783963990398e-06,1.710288524627685547e-01,1.356312799260655532e-19,3.960398675673104663e-11,9.773284196853637695e-03,2.095858795792518381e-19,2.790415942687523676e+29,5.141585205767082327e+31,1.744040069266030592e+28,3.109267491034496210e-18,1.083268904827528923e+24,1.817464501930192523e+31,4.223197538522072136e-05,1.268708652105556125e+31,1.817432465395972735e+31,4.073029760687241208e-11,1.710288524627685547e-01,1.356312799260655532e-19,3.960398675673104663e-11,1.293005070296280780e+22,2.201705127954483032e-01,8.048121255240642054e-33,1.356312799260655532e-19,1.857838630676269531e-01,1.951488637038165656e-19,1.771816636269234173e+22,2.645332441530462372e+20,4.804225164075328361e+27,6.691860901956458966e+31,1.125868345616435388e+24,1.365490572263129789e+34,2.407653286809474658e-12,2.772421560108811551e+20,2.566957334891921215e-18,3.469882461511391143e+30,3.607481812730427284e-14,1.356312799260655532e-19,1.857838630676269531e-01,1.109292859972677920e-32,1.356315642694011183e-19,1.356315642694011183e-19,4.592510627962766825e+24,1.943423755312744347e-19,1.083268904827528923e+24,1.817464501930192523e+31,1.837004251185106730e+25,1.171909386925867237e-32,1.356315642694011183e-19,1.356317710645542566e-19,3.060738660430942034e+32,1.943489929761748589e-19,1.356315642694011183e-19,6.628386728380064596e-10,1.356315642694011183e-19,8.482781597292291514e-33,1.356315642694011183e-19,1.356317839892513277e-19,4.622709891855532872e+30,1.943291664908677286e-19,1.356315642694011183e-19,6.628386728380064596e-10,1.356315642694011183e-19,9.936840191268629132e-33,1.356315642694011183e-19,5.074587987555023115e+31,1.744040069266030592e+28,1.943292181896560131e-19,1.356315642694011183e-19,6.700862087427594815e-10,1.356315642694011183e-19,8.482780862608322250e-33,1.356312799260655532e-19,1.857838630676269531e-01,1.148330774089687322e+27,2.223759642139971904e-15,7.349724173545837402e-01,2.002619772627365370e-19,1.920461596769064008e+31,5.821171775460243225e-02,6.337068092499009708e-10,1.772773426190213020e+28,1.726006848621232998e+25,2.628508830271282168e-15,1.309984499348049169e-11,1.866730451583862305e-01,1.356312799260655532e-19,3.960398675673104663e-11
7.063526890417100525e+28,2.631290534551669965e+20,1.301162627443716074e+34,1.888985883236995561e+31,4.415993918569024848e+21,7.356611975247299419e+31,9.286471176892518997e-04,1.859364027467945822e+34,1.162634895953275772e+27,7.030918477616237338e+28,9.154642005660493314e-33,1.356315642694011183e-19,1.475365285910232886e-19,1.388121094426345656e+22,3.691802858597864295e+30,9.170630198199614952e-33,1.356315642694011183e-19,1.475365285910232886e-19,1.356315642694011183e-19,4.415994481518978269e+21,2.679967233727266816e+20,1.508474426339397683e+31,4.465670730119047446e+30,1.293012839005637994e+22,1.476721143439145718e+31,7.094779900335278889e+22,1.355591601164085861e-19,3.959155225885524487e-11,1.356317452151601143e-19,1.388121094426345656e+22,1.375303737296858540e+22,7.154499883194025352e+22,4.434277300902067509e-08,1.711562835904345548e-10,8.675961289554834366e-04,4.583271104842244825e+30,2.376914769411087036e-01,1.356312799260655532e-19,3.960398675673104663e-11,1.356315642694011183e-19,7.063526890417100525e+28,1.837779360312653913e+25,2.376914620399475098e-01,1.075320318341255188e-02,4.415990822344281031e+21,1.722557727214934583e+22,9.169870534975396049e-33,1.356315642694011183e-19,1.475365285910232886e-19,1.710991348602419748e-10,8.675961289554834366e-04,2.416360676288604736e-01,1.356312799260655532e-19,3.960398675673104663e-11,9.773284196853637695e-03,8.675961289554834366e-04,2.416360676288604736e-01,1.356312799260655532e-19,3.960398675673104663e-11,1.356315642694011183e-19,7.063526890417100525e+28,4.594448400781634783e+24,2.240615040063858032e-01,4.471705979234388279e+21,1.713453268159526033e-10,8.675961289554834366e-04,2.790415942687523676e+29,1.170969929074107829e-19,3.640832080264999604e-11,1.356780673294630838e-19,9.773284196853637695e-03,8.675961289554834366e-04,4.583271104842244825e+30,2.376914769411087036e-01,1.075510960072278976e-02,4.415990822344281031e+21,1.083270778324973909e+24,1.817464501930192523e+31,1.355591601164085861e-19,3.959155225885524487e-11,1.356317452151601143e-19,1.388121094426345656e+22,1.476721143439145718e+31,1.817432465395972735e+31,1.170962949737689413e-19,3.640832080264999604e-11,1.356780673294630838e-19,1.293005070296280780e+22,3.691802858597864295e+30,9.170630198199614952e-33
1.356315642694011183e-19,1.475365285910232886e-19,1.388121094426345656e+22,3.691802858597864295e+30,9.170630198199614952e-33,1.356315642694011183e-19,1.475365285910232886e-19,1.356315642694011183e-19,4.415994481518978269e+21,2.679967233727266816e+20,6.033897705357590733e+31,1.744040069266030592e+28,1.400289591401815414e-02,4.415990822344281031e+21,2.679967233727266816e+20,9.167245509153216028e-33,1.356315642694011183e-19,1.475365285910232886e-19,1.356315642694011183e-19,4.415994481518978269e+21,1.083270778324973909e+24,1.817464501930192523e+31,6.700878740772964193e-10,7.061968509477753542e+28,6.736103768452275110e+22,6.772076720835859684e+22,1.170971738531697789e-19,3.640832080264999604e-11,1.356780673294630838e-19,9.773284196853637695e-03,8.675961289554834366e-04,6.741529705283331083e+22,4.075535395275942108e-11,1.293006871736131728e+22,1.476721143439145718e+31,1.817432465395972735e+31,1.355591601164085861e-19,3.959155225885524487e-11,1.356317452151601143e-19,7.061968509477753542e+28,7.496595758858495922e+28,1.170972255519580634e-19,3.640832080264999604e-11,9.776635095477104187e-03,4.415990822344281031e+21,7.142942073755659246e+31,2.320972131188690259e-15,1.169241380087813424e-19,1.563725471496582031e-01,1.182385629628974341e+22,1.601964244685708080e-19,3.454196044538981522e+30,1.645654556406290842e+19,1.312436894189070169e-14,1.831933587115695356e+25,3.378998784000000000e+09,1.148331364385497681e+27,1.170366604214826964e-19,3.640832080264999604e-11,1.356780673294630838e-19,1.356315642694011183e-19,1.356315642694011183e-19,1.356315642694011183e-19,1.356315642694011183e-19,7.144457583163128145e+31,1.475563005115532178e-10,4.415990822344281031e+21,4.856545855929945004e+33,1.170365699486031985e-19,3.640832080264999604e-11,1.356780673294630838e-19,1.356315642694011183e-19,1.356315642694011183e-19,1.356315642694011183e-19,1.356315642694011183e-19,7.006238230941249464e+22,4.158620236739218768e+21,9.836845854119163046e+35,7.060426656821096603e+28,1.576619042976171178e-19,7.745559679191914063e+31,1.695761309150611851e-10,2.863802235376065577e+20,6.978452372320261715e+22,4.630426139518845732e+27,5.628582045976229797e-14,1.356312799260655532e-19,1.857838630676269531e-01,1.109292859972677920e-32,1.356315642694011183e-19
1.356315642694011183e-19,4.592510627962766825e+24,1.943423755312744347e-19,1.083268904827528923e+24,1.817464501930192523e+31,1.837004251185106730e+25,1.171909386925867237e-32,1.356315642694011183e-19,1.356317710645542566e-19,3.060738660430942034e+32,1.943489929761748589e-19,1.356315642694011183e-19,6.628386728380064596e-10,1.356315642694011183e-19,8.482781597292291514e-33,1.356315642694011183e-19,1.356317839892513277e-19,4.622709891855532872e+30,1.943291664908677286e-19,1.356315642694011183e-19,6.628386728380064596e-10,1.356315642694011183e-19,9.936840191268629132e-33,1.356315642694011183e-19,5.074587987555023115e+31,1.744040069266030592e+28,1.943292181896560131e-19,1.356315642694011183e-19,6.700862087427594815e-10,1.356315642694011183e-19,8.482780862608322250e-33,1.356312799260655532e-19,1.857838630676269531e-01,1.148330774089687322e+27,7.142959965857789542e+31,1.601963598450854523e-19,8.048121255240642054e-33,1.356315642694011183e-19,1.475365285910232886e-19,1.356315642694011183e-19,1.356315642694011183e-19,7.142943040896314937e+31,1.170969412086224983e-19,3.640832080264999604e-11,1.356780673294630838e-19,1.356315642694011183e-19,1.356315642694011183e-19,3.726209189655551544e+30,9.170630198199614952e-33,1.356315642694011183e-19,1.475365285910232886e-19,1.356315642694011183e-19,1.356315642694011183e-19,1.356315642694011183e-19,1.421436000692577951e+25,1.861051463535495724e+34,1.711563946127370173e-10,6.742101662436007136e+22,1.170972384766551346e-19,3.640832080264999604e-11,1.356780673294630838e-19,1.356315642694011183e-19,1.356315642694011183e-19,1.356315642694011183e-19,2.199559211730957031e-01,2.020323413009566269e+20,1.355591601164085861e-19,3.959155225885524487e-11,1.356317452151601143e-19,1.356315642694011183e-19,1.356315642694011183e-19,1.356315642694011183e-19,1.108179148445742612e-08,1.711739361365260947e-10,1.170969541333195695e-19,3.640832080264999604e-11,1.356780673294630838e-19,1.356315642694011183e-19,1.356315642694011183e-19,1.356315642694011183e-19,2.219090461730957031e-01,7.244304812283532201e+22,2.218598723411560059e-01,1.356312799260655532e-19,3.960398675673104663e-11,1.356315642694011183e-19,1.356315642694011183e-19,1.356315642694011183e-19,9.773284196853637695e-03,1.374778524041175842e-02
9.167009675599082307e-33,1.356315642694011183e-19,1.475365285910232886e-19,1.356315642694011183e-19,1.356315642694011183e-19,1.356315642694011183e-19,5.552484377705382622e+22,2.563993017901111671e-09,1.031303842324859943e-08,1.500941581203401790e-19,6.773488436806474056e-10,6.411111641568822961e-10,2.238129973411560059e-01,1.356312799260655532e-19,3.960398675673104663e-11,1.356315642694011183e-19,1.356315642694011183e-19,1.356315642694011183e-19,7.495247523227636638e+28,1.170972255519580634e-19,3.640832080264999604e-11,1.356780673294630838e-19,1.356315642694011183e-19,1.356315642694011183e-19,3.726209189655551544e+30,9.170630198199614952e-33,1.356315642694011183e-19,1.475365285910232886e-19,1.356315642694011183e-19,1.356315642694011183e-19,1.356315642694011183e-19,1.421436000692577951e+25,1.861051463535495724e+34,1.711599473264158178e-10,6.742101662436007136e+22,1.170972384766551346e-19,3.640832080264999604e-11,1.356780673294630838e-19,1.356315642694011183e-19,1.356315642694011183e-19,1.356315642694011183e-19,2.209324836730957031e-01,1.105837896466255188e-02,9.166633517406819175e-33,1.356315642694011183e-19,1.475365285910232886e-19,1.356315642694011183e-19,1.356315642694011183e-19,1.356315642694011183e-19,3.470302736065864139e+21,1.089360075060900038e+27,1.713454239604672580e-10,1.170969670580166406e-19,3.640832080264999604e-11,1.356780673294630838e-19,1.356315642694011183e-19,1.356315642694011183e-19,1.356315642694011183e-19,2.228856086730957031e-01,1.293012501235665941e+22,1.355591601164085861e-19,3.959155225885524487e-11,1.356317452151601143e-19,1.356315642694011183e-19,1.356315642694011183e-19,1.356315642694011183e-19,1.108247360548375582e-08,1.052695430825423273e-11,4.032535017017835344e-08,6.407417374454382752e-10,6.721053505316376686e-04,1.711562003237077079e-10,1.170969929074107829e-19,3.640832080264999604e-11,1.356780673294630838e-19,1.356315642694011183e-19,1.356315642694011183e-19,1.710991348602419748e-10,2.416360676288604736e-01,1.356312799260655532e-19,3.960398675673104663e-11,1.356315642694011183e-19,1.356315642694011183e-19,1.293005070296280780e+22,2.201705127954483032e-01,1.356312799260655532e-19,3.960398675673104663e-11,1.356315642694011183e-19,1.356315642694011183e-19,2.319711534404939046e-15
1.355584880321608868e-19,1.856694221496582031e-01,2.693235803688670415e+23,1.983659886485566208e+29,7.147927780257803587e+22,1.812372071164680644e+34,7.233735884800000000e+11,1.806209315658037040e+28,1.150672490098222575e-14,1.703640490680778752e+19,2.817514555065300419e+20,1.170366604214826964e-19,3.640832080264999604e-11,1.356780673294630838e-19,1.356315642694011183e-19,1.356315642694011183e-19,1.356315642694011183e-19,1.356315642694011183e-19,3.088099003089540242e+29,2.609898788165380997e+20,1.775047245651714754e+28,1.255269707567567012e+28,7.802320614938567699e+34,1.186832154237547245e+27,1.094709188120418039e+27,8.287967653214483069e-33,1.356315642694011183e-19,1.475365285910232886e-19,1.356315642694011183e-19,1.356315642694011183e-19,1.356315642694011183e-19,1.356315642694011183e-19,4.465259393108923569e+30,1.648373646022952983e+22,1.817926674271031196e+31,4.791915121555165046e+22,8.154570350231262091e-33,1.356315642694011183e-19,1.611422021014486260e-19,1.172293288807221962e-19,1.356315642694011183e-19,1.803721100758213024e+28,2.103996443562450214e-19,1.356315642694011183e-19,1.356324043747107425e-19,1.358499399511151176e-19,1.356315642694011183e-19,1.181525104330174523e+22,1.356315642694011183e-19,1.356315642694011183e-19,1.103199097258015182e-32,1.356315642694011183e-19,1.356317710645542566e-19,5.825331328423999366e-10,1.356315642694011183e-19,1.356878125510547242e-19,1.534658109205916755e-19,4.201578164741137570e+30,1.358609647177168009e-19,6.480203595948808015e-10,2.520732289568172746e-09,2.607361881956649086e-09,1.356312799260655532e-19,1.356878125510547242e-19,1.356315642694011183e-19,9.773300029337406158e-03,1.611523350639524006e-19,6.489590305136516690e-07,2.284231360501849784e+20,1.943524438702928536e-19,9.335536788057652302e-09,1.052695430825423273e-11,4.032535017017835344e-08,1.355589920953466613e-19,6.670824289074624952e-29,1.415031189275200278e-41,4.908176790756389674e-39,3.606081008911132812e-06,2.535301200456458803e+30,7.707141553786493890e-44,2.024876280949360667e-41,5.275518775388354520e-39,9.231567382812500000e-04,2.535301200456458803e+30,8.267660939516420718e-44,2.168369243696221936e-41,5.642860760020319367e-39,-5.769729614257812500e-05,2.535301200456458803e+30,8.688050478813865840e-44
2.275988965756367887e-41,5.918367248494293001e-39,2.099015405931936584e-16,2.535301200456458803e+30,2.956739759725364020e-43,7.457460764017779113e-31,2.535301200456458803e+30,3.110882590801093897e-43,8.015707475630818609e-41,6.285709233126257847e-39,9.680000000000000000e+02,2.535301200456458803e+30,9.668959403841237789e-44,7.143599821015900540e+22,1.812372071164680644e+34,6.595215033876574508e-37,2.158273559871304315e-13,0.000000000000000000e+00,1.166328597696985312e-38,9.553232329385894177e-38,9.477998296394451938e-38,9.477998296394451938e-38,9.477998296394451938e-38,9.477998296394451938e-38,9.477998296394451938e-38,9.477998296394451938e-38,9.477998296394451938e-38,9.477998296394451938e-38,2.061238294540432481e-38,1.056250000000000000e+01,5.648073590307607686e-41,1.000530952215697818e+19,7.777032853979761319e+31,1.653340582489096192e+19,2.246996100529487421e-40,-9.680000000000000000e+02,-9.007199254740992000e+15,4.821699686227010642e+30,4.203895392974451213e-45,7.919121247997174756e+34,1.125868201501247312e+24,1.594677652401641827e-42,5.000729751728115192e-40,4.551514126383897231e-35,2.535301200456458803e+30,3.040817667584853044e-43,2.767567875979157176e+20,1.785741804853176807e+31,1.785974792469703076e+25,1.823996446660452323e-34,9.007199254740992000e+15,1.744240887900714623e+28,5.533830338411149796e-11,2.939304224316712369e+29,1.257077911252579123e+19,1.846930328879019379e+25,1.090119269259997628e+27,3.029607279870254507e-42,1.749847588342998853e+29,2.633632054514181734e+20,4.539406138171892716e+30,1.920770598208557507e+31,3.388339686737407677e-42,9.592504559627675770e-40,7.043959903771876294e-25,1.758938480544777555e+22,2.211425331106552327e+32,5.375384859451770581e-11,4.231536892406067626e+21,7.144700819038034608e+31,4.821964743212961149e+30,1.541428310757298778e-44,2.768063271938167931e+20,1.785741804853176807e+31,1.847070408841829111e+25,6.587150363296735114e+22,2.839692703568312535e+29,1.852360058821825509e+28,1.143082597602147354e-39,7.043959903771876294e-25,1.758938480544777555e+22,2.211425331106552327e+32,5.375384859451770581e-11,1.090269204395828739e+27,7.142964801561068001e+31,4.821964743212961149e+30,1.821688003622262192e-44,2.768153343930715341e+20,1.785741804853176807e+31,4.741556366867298030e+30
7.231351786084732769e+31,1.817805781689069733e+31,4.630426139518845732e+27,4.722696821849854911e+30,1.961817850054743899e-44,2.768063271938167931e+20,1.785741804853176807e+31,4.741556366867298030e+30,4.593563533526849028e+24,1.693018504669020815e+22,4.416004333143163142e+21,1.418589086076120989e-39,4.299291933454514339e-29,1.758938480544777555e+22,1.318112213079066471e+25,7.030923199982720207e+28,1.852480124989652470e+28,5.899466534807479869e-42,1.602098929068706058e-39,7.636173562539394276e-28,2.535301200456458803e+30,2.662467082217152435e-44,7.334396162276092549e-42,1.969440913700670904e-39,1.954860432010084935e-25,9.007199254740992000e+15,1.744240179545742193e+28,5.533830338411149796e-11,2.159403132934878684e+29,7.185281085927177218e+22,7.834012975035903353e-25,-9.007199254740992000e+15,1.157604247483446293e+27,7.206472576287391546e+31,1.889078245169614119e+31,4.175966695128966365e+21,8.769325789744705230e-42,1.473457487966144931e-38,1.251110676486454358e-23,2.535301200456458803e+30,2.984765729011860361e-43,9.486790603479011570e-42,1.762226988735852655e+29,2.633632054514181734e+20,7.072902231040793936e+31,1.806149459662866668e+28,2.520598224390443630e-39,8.007108329513307893e-22,2.535301200456458803e+30,4.063765546541969506e-44,1.092172023094762425e-41,2.887795875280583020e-39,2.049819732355406821e-19,2.535301200456458803e+30,4.624284932271896334e-44,1.235664985841623693e-41,3.255137859912547866e-39,4.100124295668138828e-35,1.758938480544777555e+22,5.257311488331032972e-17,2.535301200456458803e+30,5.605193857299268284e-44,5.683946830994323003e-41,1.758147526055917687e-38,-2.307891845703125000e-04,2.535301200456458803e+30,2.606415143644159752e-43,7.549355346703519488e-41,1.070443366977773403e+28,6.740374982338873288e+22,1.186587107689272087e+27,2.042853819207876611e-38,-6.975175102871424205e+19,2.535301200456458803e+30,9.528829557408756082e-44,2.455355169189944472e-41,6.285709233126257847e-39,3.872000000000000000e+03,-9.007199254740992000e+15,7.342052065576752200e+28,6.979024779832900505e+22,4.456129116552918286e-43,1.032682979648473831e-38,1.551652543085419511e-36,2.498072351576422195e-38,6.959118837438022841e-36,2.571539627464043705e-38,1.692759935326614210e-36,2.571469002021441734e-38,1.028616299401126066e-37
1.974174436596890324e-33,2.461338153113225711e-38,1.028587600808576694e-37,1.325101397642401355e-31,2.387941502668206172e-38,-4.585969435240863680e+37,1.914296817101004396e+38,1.553422454539969793e+26,1.919855008628789100e+38,8.527845096750752418e-12,1.971624615280205203e-15,2.139043859950397444e+26,2.461263604034923630e-38,1.000523164646091987e-34,2.387795207108530661e-38,2.387795207108530661e-38,2.387795207108530661e-38,9.551180828434122644e-38,2.387795207108530661e-38,2.387795207108530661e-38,2.387795207108530661e-38,8.538391802823975377e-41,1.027558150904745110e-40,0.000000000000000000e+00,3.782665074598411201e-41,1.354071342960756356e-38,-9.680000000000000000e+02,2.535301200456458803e+30,2.970752744368612190e-43,-9.913945625000000000e+05,2.535301200456458803e+30,4.049752561898721335e-43,1.450904429961915595e-41,3.002016273627084589e-38,1.281137332722129263e-20,2.535301502687913707e+30,1.415311448968065242e-43,7.118876458462935684e-41,1.626053584414460825e+29,-3.059371109317217665e-27,2.535301200456458803e+30,2.970752744368612190e-43,1.881383318202499399e-41,3.057117571321879316e-38,9.015202522277832031e-07,2.535301200456458803e+30,2.788583944006385971e-43,1.761432169656295058e-42,1.092312152941194907e-41,6.512835633504673465e-27,1.001845270693110661e-31,9.553763701763566147e-38,6.405032149392541646e-33,6.213005596294120550e-33,6.514020465606460493e-27,2.564568614872597072e-29,1.674820765303161828e+35,5.487320000000000000e+07,1.094707417232986963e+27,4.116967006735622472e+21,7.143092947697947151e+31,2.817424658994613453e+20,1.653169608430977024e+19,3.098090986550673585e+32,2.578121352987208968e+30,1.345246525751824388e-43,3.495679149104688665e-41,3.110209967538217985e-40,0.000000000000000000e+00,0.000000000000000000e+00,8.265194654219209040e-40,8.265194654219209040e-40,6.152978242585411175e-39,9.269863367080688477e-04,4.056482404300661931e+31,-3.805203783306365851e-37,2.689366700718446949e+36,3.911300039436783648e+25,-2.529594028009078680e-29,1.348861495046310713e+37,3.973872778840611976e+25,-2.612871539730936569e-29,2.668354124369063818e+36,2.750132482978337296e+36,1.064194200072318856e+37,2.751594401033050502e+36,2.544431310477643386e+30,2.917618283232291649e+36,6.849282442998719337e-24,1.478714290339840000e+14
1.768292478522120779e-36,4.330801510619722927e+34,2.351083989940149103e-38,9.445021196115442139e+21,2.365943132979200000e+15,4.745004389405949041e-10,2.792482154230761984e+36,9.923201019650666136e+21,2.711434279279870023e+36,2.750132482978337296e+36,1.409952535019520000e+14,2.999930639656911269e+36,2.816821045755143988e+36,-4.621889767215941731e-19,2.813981825323282812e+36,1.742426718091876413e+32,6.000185797867480965e+36,1.755103224094158707e+32,6.000185797867480965e+36,1.767779730096441001e+32,7.163098034902453140e+36,1.767779730096441001e+32,4.325486291267047219e+31,2.772363905379839869e+36,-4.048789987169989203e-31,3.883202881200912945e+25,8.086208254098892212e-03,4.993529244419041258e+36,1.600504817309061630e+26,8.741557547547640968e+36,1.780456236098723295e+32,8.741556279897040739e+36,2.937056754448841376e+36,9.842498766128000532e+21,2.711435546930470251e+36,2.750132482978337296e+36,9.921658923943744506e+27,9.628130801564885451e+21,-2.572042125836480979e-29,4.957950340908275847e+31,-3.922759496205714777e-37,-1.130656764933453180e-19,1.555030826155756529e+26,2.566250305901503117e+30,4.293684772226592629e+31,1.074524643733432330e+22,1.643242962144331745e+32,1.026499880575437324e+31,4.293675100820035712e+31,-2.533373665524938630e-29,3.249242335417647659e+36,2.937056754448841376e+36,9.842498766128000532e+21,2.711435546930470251e+36,2.750132482978337296e+36,1.409952535019520000e+14,1.697900570717020515e-36,-2.908000141629175159e-29,3.278025267730365103e-38,2.351060448125948447e-38,6.355468104812459327e+29,6.347549640693983506e+29,5.557295513600000000e+11,1.569819722112533791e+20,7.538985738067515842e-43,1.356312799260655532e-19,1.356315642694011183e-19,2.723725219282828857e+26,4.611419981790199874e+24,2.261185069018083492e+20,3.929334114793021153e+30,3.183942850378527513e-15,7.029232592781852874e+28,1.837247541603346071e+28,3.088086158252706837e+29,1.849871315050336092e+20,1.790462112384259922e+28,7.398811707047423356e+31,4.611420846481328329e+24,5.667384934400000000e+10,2.814582993182858936e+20,1.104633347302812225e-32,1.356315642694011183e-19,1.356315642694011183e-19,2.997171019698031172e+32,5.084272450510791987e+31,1.817805781689069733e+31,1.355589533212554478e-19,1.356315642694011183e-19,6.083750607028217709e+22
5.083030641908883840e+31,7.648200723477949864e+28,1.849513314064332227e+20,1.898963913049645320e+28,1.784121586443198030e+25,7.213763651410519183e+22,1.288290786743164062e+01,1.090264555816322165e+27,1.270790543259514478e+31,7.441235456579815071e+28,1.477690180419389739e-19,2.760358598138155500e+20,1.849873953878242755e+20,1.849243098086689997e+20,7.316805978467014411e+34,1.355598451253533566e-19,1.356315642694011183e-19,1.738779028341418110e+25,1.460252696118889070e-19,1.936584194177190587e+31,1.944467236769151699e+31,1.088646259852223773e+27,1.975797637417702467e+31,1.942952133116618410e-19,2.760364227637689713e+20,1.212333394413645172e+25,4.611420270020576026e+24,1.943490446749631435e-19,1.943489929761748589e-19,1.143441796614343932e+27,1.090264555816322165e+27,5.534191507838848167e-11,1.356312799260655532e-19,1.356315642694011183e-19,7.404685756712348878e+28,1.743918468329096698e+28,4.459094778123253671e+30,2.676236810676548403e+20,7.396792248361665167e+20,2.857135629310331232e+32,2.958789238413680706e+21,7.273370593918618645e+22,1.806269525830693628e+28,6.998278424959938924e+28,2.959292515672039358e+21,4.747182223589220020e+27,1.867236389463208393e+25,6.728000000000000000e+08,1.943359390321330065e-19,1.162485034604420956e+27,1.817400549754334909e+31,1.356312799260655532e-19,1.356315642694011183e-19,1.143060613094804798e+27,1.851534116923971608e+28,3.254328033259399623e+33,1.968968126604147533e-19,1.872798970975265484e+31,2.751892553728000000e+12,7.154270649972992193e+22,7.155422670757673566e+22,1.152996472174762532e+27,7.029235426201742596e+28,4.544975357191402409e+30,6.998284564036366654e+28,1.212126214419267321e+25,4.611420270020576026e+24,1.943490446749631435e-19,1.943489929761748589e-19,1.172592366297448166e-19,1.356315642694011183e-19,6.716149760000000000e+08,2.837639488134530990e+20,1.817958952590414906e+31,1.355589533212554478e-19,1.356315642694011183e-19,2.261172930409712845e+20,1.846606242644074394e+25,2.061645959422471599e-19,3.034857009343976361e+32,1.849197006559253627e+20,2.645343348685809910e+20,7.400565420424471511e+20,7.029225981468776857e+28,4.544975357191402409e+30,1.934591922063121529e-19,1.241308503297611193e+28,2.630752389580571279e+20,1.846606242644074394e+25,1.698696934226973099e-07
1.951654073160676261e-19,2.976735590006530325e+29,7.214802181484590819e+22,1.170374229786098938e-19,1.356315642694011183e-19,7.384484755004991734e+20,3.030907561240783919e+24,1.943490446749631435e-19,1.849243977695992218e+20,2.028227733428358570e-19,4.472139169223545979e+21,7.029225981468776857e+28,4.544975357191402409e+30,1.852359940762663437e+28,1.951654073160676261e-19,3.060061275115695565e+32,1.693019405388946289e+22,1.355589533212554478e-19,1.356315642694011183e-19,4.082735920969741064e+30,1.177090710032846340e-43,2.491228409876659789e-41,8.581596637076038136e-39,4.396483177515619900e-14,2.208141597359921056e-38,2.050062147834069414e-35,3.642310048235231079e-06,2.934629950414104268e+30,7.567011707354012183e-44,5.683946830994323003e-41,9.316280606339967829e-39,-8.597567102697212249e-13,2.535301200456458803e+30,1.681558157189780485e-43,2.634721372623521057e-41,7.663241675496126021e-39,2.099263639382087080e-32,7.270096407892398096e+31,7.930976256989387272e+34,2.541708800000000000e+08,2.535301200456458803e+30,1.121038771459853657e-44,2.670874873003101337e-42,2.612289386806609385e-39,2.050062147834069414e-35,2.760364227637689713e+20,1.078581109548968889e-38,1.170240193386961041e+27,-9.007199254740992000e+15,3.034588144241694067e+32,1.016929152000000000e+09,2.535301200456458803e+30,1.064986832886860974e-43,1.989003040262645350e-41,8.030583660128090867e-39,2.034263503759017870e-33,7.226496180523081635e-41,4.724505798440407251e-39,6.975175102871424205e+19,9.007199254740992000e+15,1.167577295199456625e+27,1.157610150441549880e+27,3.208693223610966129e-41,8.306090148602064502e-39,6.811694436397875200e+16,-9.007199254740992000e+15,1.157603730974612229e+27,3.088098058616243669e+29,5.183824810375260115e-39,2.253800630569458008e-07,2.535301200456458803e+30,7.286752014489048769e-44,1.917256558889214716e-41,2.634674288995119743e-38,6.347669494440352543e-36,5.793571472167968750e-05,0.000000000000000000e+00,1.602761908984595782e-30,1.516663398415428292e-36,3.973406463826977024e-34,9.938401541640108835e-32,6.213381754486383682e-33,1.517214411392376240e-36,2.464718641044407814e-35,2.445248367915211702e-35,2.464055990542442808e-35,4.032767091833579384e-34,2.545617464219826672e-29,4.304183628373353625e-22,1.668598981153936781e-24
1.675225819284016004e+35,5.487319600000000000e+07,1.094707417232986963e+27,4.215774214897277411e+24,7.348622294064368737e+28,7.390852844878093615e+22,1.157610150441549880e+27,1.889017798878633387e+31,1.555599701606896843e+28,2.103996443562450214e-19,6.231365992734465930e+22,1.817588295934121061e+31,6.496259686400000000e+10,2.361183241434822607e+21,2.802596928649634142e-45,0.000000000000000000e+00,0.000000000000000000e+00,1.961817850054743899e-44,1.121038771459853657e-44,2.351007479043996968e-38,1.529811546488046044e-40,3.883201958863709259e+25,1.030892603210443550e+25,4.135338701232812808e+31,-3.834591590492431623e-37,5.591775641022390548e+31,2.730175225753644167e+36,1.084249193158289583e+37,3.913426026691278674e+25,6.616346946416313046e+32,3.664625767187783812e+36,3.913426026691278674e+25,5.501755064320000000e+11,4.033373213018963977e+25,9.554267264076381946e+21,-4.017971816675611127e-31,9.702124943442582700e+21,6.402020007106009468e+26,1.133381936007475503e+37,1.141689230685951159e+37,1.149997032424666906e+37,1.158304834163382653e+37,1.166612635902098400e+37,1.174920437640814147e+37,1.183228239379529894e+37,1.191536041118245641e+37,1.199843842856961388e+37,1.208151644595677135e+37,2.658541241072697094e+36,6.763710554980320160e+32,5.203857832008909081e+35,3.913438017074926585e+25,1.087725820141162096e+22,2.564160677622299231e+30,9.775783567148040847e+21,-4.141231333116394222e-31,5.512154972160000000e+11,9.929814450859660384e+27,4.057000308121784838e+31,7.143808360740202829e-38,2.351060448125948447e-38,3.104019965742851642e+36,9.990065963318235890e+21,9.703852073899679285e+21,2.564160677622299231e+30,9.775835358543755608e+21,-4.141231333116394222e-31,2.252212398981120000e+15,2.257503530254336000e+15,4.745004389405949041e-10,5.861959270400000000e+11,9.701834461266617303e+21,2.583196423577951182e+30,4.547272755133605206e+25,4.354093828292079957e+31,-4.509592800810364458e-37,-4.264490379359436988e-31,2.658538071946196524e+36,2.665191336121494386e+36,1.685129809149526409e+26,2.566250305901503117e+30,3.913433405388908158e+25,1.697218513943350490e+26,2.566250305901503117e+30,1.014456307443508760e+22,-4.387756008370844358e-31,2.665190068470894157e+36,1.058037078087619628e+22,5.564172861440000000e+11,6.165528000956449382e+36
1.745576100130257868e+26,2.566250305901503117e+30,3.913473988225870319e+25,-1.121590736172901285e-19,9.491167329697293926e+21,-2.533450401796160309e-29,3.706164458968712490e+36,2.665193237597394728e+36,3.881077355115019762e+25,-5.238900846719378980e-19,7.422886545961425789e+32,2.566249701438593310e+30,5.947905802240000000e+11,3.913425104354074989e+25,-1.121590736172901285e-19,9.491167329697293926e+21,-2.572046639734788137e-29,7.239721421319088770e+31,-4.360820642280944447e-37,1.002018283646747463e+28,5.733112872960000000e+11,3.913531497843797112e+36,1.806022391110989327e+26,2.566250305901503117e+30,5.776138567680000000e+11,9.701834461266617303e+21,-2.572047542514449568e-29,5.584640423733165655e+36,2.665191969946794500e+36,1.830200907503281910e+26,2.566250305901503117e+30,6.076804628480000000e+11,9.701834461266617303e+21,-2.572048144367557189e-29,1.054972598193066639e+32,-4.507757436133730386e-37,2.689772348910519982e+36,2.849374111223851314e-14,-4.714119855109624724e-14,1.064442863672116191e+31,1.860096121534900490e+28,1.328669164918861802e-40,8.137054015036071479e-33,8.685096250000000000e+05,3.629603094528000000e+12,-1.465793418100736000e+16,1.101529596193432544e+24,7.214323899204164072e+22,-1.705710935500390400e+16,7.404673950796141704e+28,1.743918468329096698e+28,2.259944643980091720e+20,1.314424926120019773e-33,7.212822849448361486e+22,7.007148858785903778e+22,9.575797820252759740e+26,-1.719675592166604800e+16,7.551561418637043136e+31,4.543812068321478232e+30,4.082304603627028165e+27,9.683900625000000000e+05,1.083569673225043234e+24,5.135660848120278115e-36,7.871977535719343682e+31,1.601969903840255827e+25,1.244526685226136690e-37,2.629149741431924982e+20,1.846606242644074394e+25,1.698696934226973099e-07,3.029607279870254507e-42,-9.088837993103360000e+15,4.515642528898785060e+27,1.852872081407730650e+28,4.146900384201279276e+31,4.432131924229515654e+31,1.692875290200870434e+22,2.818010126946171617e+20,2.419824112679571964e+27,1.943161513209170895e-19,4.515651678483845620e+27,1.109272449844753961e+27,1.417769475339989837e-19,7.097552316265888167e+22,2.061768356303735305e-19,2.070447290387006525e-19,2.976735590006530325e+29,7.214802181484590819e+22,1.846673583393042596e+20,3.253142396186774050e+33,2.002584746698302578e-19
3.253217910529170458e+33,7.745722158822070269e+31,1.849646135068967567e+20,1.803730899668664979e+28,6.829613358595256929e+22,2.837648108305692754e+20,1.817958952590414906e+31,1.886872076441399382e+31,7.154353516206135810e+22,1.775351129934887416e+28,1.435502030474624657e-19,5.084399629507015446e+31,1.183514456875574755e+22,1.039725850141447422e+21,5.217104873111999552e-11,4.428383406959286908e-41,7.295899690864161175e-39,1.640049718267255531e-34,2.760364227637689713e+20,-1.346448602527143096e+25,3.222986467947079263e-44,5.248268199024653393e-33,4.232550483797202698e+21,7.224952960610978468e+28,4.951020090004656631e-39,1.624034508800000000e+10,2.842170943040400743e-14,1.000020478205134627e+25,1.297985287749632000e+16,1.806286880527518174e+28,1.026067954065843526e-35,3.556943406479717851e-09,9.159264719339520000e+15,1.806286998586680246e+28,1.282070501182668800e+16,7.555521859622100661e+31,4.103812351796658656e-35,7.555576019498819396e+31,3.640946655281140920e-09,1.839312515329480098e+25,1.692903888058504236e+22,1.526450151083917915e-19,2.070247216076345262e-19,7.214338310722971658e+22,2.053174854468104328e-19,2.817514555065300419e+20,7.097552316265888167e+22,2.061768356303735305e-19,2.070447290387006525e-19,2.976735590006530325e+29,7.214802181484590819e+22,6.265117882371822060e+20,6.978337980889726504e+22,1.823849395072229339e-34,2.535301200456458803e+30,1.261168617892335364e-44,7.026258918607589859e+28,6.978452372320261715e+22,1.599783935546875000e+02,1.162635928970943900e+27,1.184061756820290955e+22,7.144941637061301842e+31,1.817805781689069733e+31,7.587845151046300924e+31,3.038520199648507041e+29,7.683081425693574335e+31,5.604716629898521626e-22,2.742341094683667008e-41,2.336782898332635750e-39,1.193152119146780356e-29,2.535301200456458803e+30,9.949219096706201204e-44,6.150298959921622124e-41,1.693934425226697269e-39,8.397054557528348319e-32,6.801131243471877702e+22,7.237423978691493128e+31,-1.614535866502348800e+16,1.167577959282243279e+27,4.295905718231967096e+24,5.671320704725424378e-11,7.097552316265888167e+22,3.204086595039344725e-38,2.200977178290486336e-10,2.535301502687913707e+30,4.259947331547443896e-43,1.095731321194147460e-40,3.277522762101058224e-38,5.634501576423645020e-08,2.535301502687913707e+30
4.315999270120436578e-43,1.110080617468833587e-40,3.350991159027451193e-38,1.442432403564453125e-05,2.535301502687913707e+30,3.475220191525546336e-43,1.128017237812191246e-40,8.928222656250000000e+00,1.831937391756660559e+25,7.215142203256457291e+22,7.503351576348889236e+28,6.415490799611911099e+23,7.144943571342613226e+31,-1.051030460701571526e-38,2.535301200456458803e+30,1.807675018979014021e-43,6.867763773655928465e-41,2.153111906016653327e-39,2.050062147834069414e-35,7.302999325507126401e+22,6.836881958099138146e-39,2.083085827849234299e-30,7.226496180523081635e-41,7.479570683180143598e-39,6.343884800000000000e+07,2.535301200456458803e+30,4.203895392974451213e-43,1.084969348988132865e-40,3.222421464406263497e-38,8.803908713161945343e-10,2.535301502687913707e+30,4.273960316190692066e-43,1.099318645262818992e-40,3.295889861332656466e-38,2.253800630569458008e-07,2.535301502687913707e+30,4.330012254763684749e-43,1.113667941537505119e-40,3.369358258259049435e-38,2.253800630569458008e-07,2.535301200456458803e+30,7.286752014489048769e-44,1.917256558889214716e-41,3.075484670553477558e-38,8.933757066249385061e-36,6.679533138739200000e+13,0.000000000000000000e+00,3.883128497683825344e-34,6.213005596294120550e-33,1.627507287583529789e-30,4.248707699967037549e-34,1.001544109040429991e-31,9.942614513393455914e-32,6.515993388241490777e-27,3.882423201073331971e-34,9.478572268245439383e-38,1.516479906789315744e-36,1.575483136873604496e-36,9.940808954070592880e-32,1.001784615184608231e-31,4.103309783796155316e-28,4.071015790488670145e-28,4.071015790488670145e-28,2.445763220665547440e-35,1.516847069407744275e-36,1.516847069407744275e-36,1.516847069407744275e-36,3.883128497683825344e-34,6.591769477120000000e+11,2.447630575154013143e+20,5.216483495162904660e-11,1.167583788453370571e+27,4.295905718231967096e+24,1.797313273857992294e+19,7.097552316265888167e+22,8.561933617024632303e-43,0.000000000000000000e+00,0.000000000000000000e+00,2.869859254937225361e-42,1.076197220601459510e-42,2.403507126009926240e-41,1.253088310557499171e-38,4.187698624804399247e-38,9.919091179723217637e-39,1.858791360152900407e-37,7.435280234981799116e-37,2.974158011740798642e-36,1.189681571795551055e-35,4.758799755579130613e-35,1.903549289590422802e-34
1.835652093038454370e-34,4.739702277167150847e-35,5.502666031165226457e-11,7.625378590990069464e-39,4.629043741856743413e-38,1.925301581528719210e-37,2.940167408769829537e-33,6.701537489870387116e-37,7.622930522572894008e-39,4.629043741856743413e-38,1.925014595603225488e-37,4.634998139291352426e-38,6.680758714368000000e+13,7.626813520617538076e-39,7.627172253024405229e-39,4.629043741856743413e-38,1.925186787158521721e-37,1.882850662517170825e-31,1.835661506176810564e-34,2.962313923229469279e-36,1.227135530736254842e+33,7.627530985431272383e-39,4.629043741856743413e-38,1.925071992788324232e-37,1.205563684395417754e-29,4.812076498752138285e-29,1.986600340284550875e-36,1.328402918210640087e-40,3.178536724623465422e-35,1.084969348988132865e-40,3.240788563637861739e-38,3.521563485264778137e-09,2.535301502687913707e+30,4.287973300833940237e-43,1.102905969331490524e-40,3.314256960564254708e-38,1.343369859796439414e-14,2.842171281853579645e-14,3.608135312684605290e-38,5.502442945726215839e-11,2.535301502687913707e+30,4.259947331547443896e-43,1.095731321194147460e-40,3.277522762101058224e-38,5.634501576423645020e-08,2.535301502687913707e+30,4.315999270120436578e-43,2.527101650563375106e-41,3.130585968248272285e-38,1.015021568000000000e+09,2.535301200456458803e+30,1.064986832886860974e-43,1.124429913743519714e-40,7.755794636467851539e-40,8.007108329513307893e-22,2.535301200456458803e+30,9.809089250273719496e-45,1.989003040262645350e-41,2.254059205309070229e-38,5.085658759397544674e-34,7.226496180523081635e-41,1.072365559030960663e+31,7.931999290637852710e+34,5.511452405571048985e-11,2.535301502687913707e+30,4.259947331547443896e-43,1.095731321194147460e-40,3.277522762101058224e-38,5.634501576423645020e-08,2.535301502687913707e+30,4.315999270120436578e-43,1.881383318202499399e-41,4.816341294598398463e-39,9.015202522277832031e-07,2.535301200456458803e+30,4.161856439044706701e-43,1.980034730090966521e-42,1.164058634314625541e-41,1.092672501958047437e-19,1.516848504337371744e-36,6.261153844903801446e-33,2.445763220665547440e-35,1.516571562919270301e-36,1.528602012915967150e-36,1.516847069407744275e-36,1.516847069407744275e-36,6.334070784000000000e+11,2.447630575154013143e+20,5.216483495162904660e-11,7.270096407892398096e+31
7.930976256989387272e+34,5.097582680218698253e-34,-3.362994815758009112e-15,2.535301200456458803e+30,2.704506036146896947e-43,8.653095680000000000e+08,8.640620160000000000e+08,8.892442240000000000e+08,3.352186186357827397e-41,2.287674064896000000e+12,4.086308901229612100e+30,1.303207571822079876e-43,4.080417503479175109e+30,1.303207571822079876e-43,1.312537247496492263e-33,2.748248313187039969e+20,1.609739228987313357e+19,1.607189791375989146e+19,2.895760905961084203e+32,1.609739119036150579e+19,1.607246086371331277e+19,1.090251643095470568e+27,7.006238230941249464e+22,3.285704845631254451e-34,7.067787881694593806e+28,4.424350250067529228e+30,2.830622897936130483e-43,7.334115902583227586e-41,1.923451419140301868e-38,-2.660818139217920000e+14,2.535301200456458803e+30,2.998778713655108532e-43,8.302693401124541145e-41,2.153040159535279897e-38,4.444838014046774640e-38,2.535301502687913707e+30,3.166934529374086580e-43,9.809369509966584460e-41,2.818345281311102166e-38,-3.872000000000000000e+03,2.535301200456458803e+30,4.021726592612224994e-43,7.154749699149651001e-41,2.634674288995119743e-38,3.358424649491098535e-15,2.535301502687913707e+30,4.161856439044706701e-43,1.881383318202499399e-41,4.816341294598398463e-39,2.253800630569458008e-07,2.535301200456458803e+30,7.426881860921530476e-44,6.903637014342643782e-41,3.307512791315152229e-40,7.020751934797054693e-39,2.497925495497360954e-38,2.351994273422574505e-38,2.351060448125948447e-38,2.351060448125948447e-38,2.351060448125948447e-38,3.360094998463084015e-17,6.677364665366050867e-36,1.750576656058123871e-30,1.136454667513964519e-28,2.354866935274440380e-38,1.387561496812850237e-07,2.351060448125948447e-38,2.095112278110988768e-15,2.351060448125948447e-38,2.351060448125948447e-38,1.391278203755064169e-10,1.677871672182928928e-30,2.353286831126067716e-38,8.761184290051460266e-06,-3.785586833953857422e+00,2.361183241434822607e+21,0.000000000000000000e+00,0.000000000000000000e+00,0.000000000000000000e+00,0.000000000000000000e+00,1.541428310757298778e-44,2.351006638264918374e-38,7.621241957923382604e-41,9.034961923342336000e+15,9.034688119177216000e+15,9.105057937096704000e+15,9.621133333643858543e+21,9.563487258413516194e+21,-1.567999978866355680e-36,9.765826108371924681e+21
-4.347354136074882122e-22,9.990065963318235890e+21,9.324966705102848000e+15,1.279397556612171511e+22,1.043280020598624040e+22,1.058037641037573050e+22,1.072795261476522059e+22,-4.876755786560571932e-22,1.094930341055057363e+22,9.395349407924224000e+15,9.990359823193921815e+21,1.035905151028823484e+22,1.050658830818098545e+22,1.109688749623941163e+22,1.080174071695996564e+22,1.000623163418068229e+22,-1.803102436354881854e-36,9.113582373437440000e+15,9.990362074993735500e+21,1.035905263618814168e+22,1.050660519667958809e+22,1.109688749623941163e+22,1.035903236998981852e+22,-5.240714246341945426e-22,1.176096127569370074e+22,-3.923685922646449200e-37,4.053903044858558074e+22,1.301533874680604341e+22,-5.373071727157078658e-22,1.205610129957370567e+22,-3.923687716308483536e-37,4.083417835376493357e+22,1.308912572310088162e+22,1.058037415857591681e+22,-5.472323808114834492e-22,1.227746448025803398e+22,-3.923689061555009288e-37,4.112932625894428639e+22,1.316291269939571982e+22,1.035904475488879378e+22,1.109691564373708269e+22,1.035901660739112272e+22,9.932466049984074088e+21,-2.026449770968981718e-36,9.113582373437440000e+15,5.900890275840000000e+11,3.548632493863997894e+30,2.578389174357663410e-43,1.170807207137982163e-19,6.877337354240000000e+11,1.099564444947594688e+27,7.185396378077637902e+22,3.988071641276672830e+24,1.744757433448122653e+22,2.708172262068822307e+23,1.943358614839505796e-19,1.663130928691929940e+22,7.244194474092661624e+22,1.850143818012164096e+20,5.083034994041834452e+31,1.205123672354077440e+30,1.170441438210868871e-19,3.171612052055701181e+30,6.586102782326640233e-44,7.369989143269942903e-41,1.273500044378393754e-40,0.000000000000000000e+00,0.000000000000000000e+00,9.183549615799121156e-41,9.183549615799121156e-41,6.152978242585411175e-39,2.856497190246237640e-36,2.658455991569831746e+36,2.541723014410251713e+30,2.031882773270984753e-43,1.881383318202499399e-41,1.868350121445507141e-38,2.253800630569458008e-07,2.535301200456458803e+30,7.286752014489048769e-44,1.917256558889214716e-41,9.933251928119050240e+18,7.555070204935892636e+31,1.610104266847734989e+19,2.029080176342335119e-42,8.786141371316603035e-43,1.674515736877481910e+35,1.743273275008374633e+28,1.045310996480000000e+12,1.255950252127132058e+19
7.555070204935892636e+31,1.610104266847734989e+19,5.109974980006877931e-41,1.273500044378393754e-40,0.000000000000000000e+00,0.000000000000000000e+00,1.836709923159824231e-40,9.183549615799121156e-41,6.520320227217376021e-39,2.856497190246237640e-36,9.444732965739290427e+21,2.541723014410251713e+30,2.031882773270984753e-43,1.881383318202499399e-41,2.587991023378542801e+30,2.816609913292882313e-43,4.456959512894359332e+30,2.257998943377970136e-07,2.535301200456458803e+30,7.286752014489048769e-44,1.917256558889214716e-41,9.861194334081122304e+18,1.876826966999280449e+25,-7.935798285868544966e-13,1.014121084645493329e+31,2.802596928649634142e-45,7.888732311726558837e-28,1.758934877665075659e+22,5.676086476800000000e+10,1.608187488227033088e+19,7.398968867403973258e+31,3.545453297664000000e+12,3.352186186357827397e-41,1.207134549107970418e-38,-1.864300186166844306e-31,2.535301200456458803e+30,7.707141553786493890e-44,5.396960905500600467e-41,1.390805541423952841e-38,4.359484439294640128e+18,2.535301200456458803e+30,2.129973665773721948e-43,-1.193299648389785956e-29,2.535301200456458803e+30,1.667545172546532314e-43,3.423932667731258031e-41,1.354071342960756356e-38,-4.772608476587121423e-29,2.535301200456458803e+30,1.345246525751824388e-43,3.495679149104688665e-41,8.620339737017690679e-40,0.000000000000000000e+00,0.000000000000000000e+00,8.265194654219209040e-40,9.183549615799121156e-41,6.152978242585411175e-39,7.312632807030368358e-34,4.056481920730334085e+31,9.555989890933851161e+21,2.541723014410251713e+30,2.031882773270984753e-43,-5.634652566754994041e-08,2.842170943040400743e-14,1.849984283382526791e-38,-1.193152119146780356e-29,2.535301200456458803e+30,1.667545172546532314e-43,3.423932667731258031e-41,4.724505798440407251e-39,7.142579305340338386e+22,2.535301200456458803e+30,2.059908742557481094e-43,5.181721461380308565e-41,8.857103125550011771e-39,2.253800630569458008e-07,2.535301200456458803e+30,7.286752014489048769e-44,1.917256558889214716e-41,1.445906839118747568e-38,1.636288136344624211e-35,1.785282045311349153e-37,0.000000000000000000e+00,9.964104704000000000e+09,2.633632054514181734e+20,5.487354800000000000e+07,2.645332441530462372e+20,2.817424483072753009e+20,4.544198017889390203e+30,1.611493233973539632e-43
